<?xml version="1.0" encoding="UTF-8"?>
<!-- IMPORTANT: This is an internal file that has been generated
     by the Xilinx ISE software.  Any direct editing or
     changes made to this file may result in unpredictable
     behavior or data corruption.  It is strongly advised that
     users do not edit the contents of this file. -->
<DeviceUsageSummary rev="2">
<DesignStatistics TimeStamp="Mon Jun 22 16:27:51 2020"><group name="NetStatistics">
<item name="NumNets_Active" rev="2">
<attrib name="value" value="400"/></item>
<item name="NumNets_Gnd" rev="2">
<attrib name="value" value="1"/></item>
<item name="NumNets_Vcc" rev="2">
<attrib name="value" value="1"/></item>
<item name="NumNodesOfType_Active_BOUNCEACROSS" rev="2">
<attrib name="value" value="3"/></item>
<item name="NumNodesOfType_Active_BOUNCEIN" rev="2">
<attrib name="value" value="20"/></item>
<item name="NumNodesOfType_Active_DOUBLE" rev="2">
<attrib name="value" value="557"/></item>
<item name="NumNodesOfType_Active_GENERIC" rev="2">
<attrib name="value" value="88"/></item>
<item name="NumNodesOfType_Active_INPUT" rev="2">
<attrib name="value" value="152"/></item>
<item name="NumNodesOfType_Active_IOBIN2OUT" rev="2">
<attrib name="value" value="48"/></item>
<item name="NumNodesOfType_Active_IOBOUTPUT" rev="2">
<attrib name="value" value="48"/></item>
<item name="NumNodesOfType_Active_LUTINPUT" rev="2">
<attrib name="value" value="447"/></item>
<item name="NumNodesOfType_Active_OUTBOUND" rev="2">
<attrib name="value" value="488"/></item>
<item name="NumNodesOfType_Active_OUTPUT" rev="2">
<attrib name="value" value="314"/></item>
<item name="NumNodesOfType_Active_PADINPUT" rev="2">
<attrib name="value" value="8"/></item>
<item name="NumNodesOfType_Active_PADOUTPUT" rev="2">
<attrib name="value" value="40"/></item>
<item name="NumNodesOfType_Active_PINBOUNCE" rev="2">
<attrib name="value" value="90"/></item>
<item name="NumNodesOfType_Active_PINFEED" rev="2">
<attrib name="value" value="567"/></item>
<item name="NumNodesOfType_Active_QUAD" rev="2">
<attrib name="value" value="702"/></item>
<item name="NumNodesOfType_Active_REGINPUT" rev="2">
<attrib name="value" value="48"/></item>
<item name="NumNodesOfType_Active_SINGLE" rev="2">
<attrib name="value" value="445"/></item>
<item name="NumNodesOfType_Gnd_BOUNCEIN" rev="2">
<attrib name="value" value="81"/></item>
<item name="NumNodesOfType_Gnd_CLKPIN" rev="2">
<attrib name="value" value="8"/></item>
<item name="NumNodesOfType_Gnd_HGNDOUT" rev="2">
<attrib name="value" value="32"/></item>
<item name="NumNodesOfType_Gnd_INPUT" rev="2">
<attrib name="value" value="872"/></item>
<item name="NumNodesOfType_Gnd_OUTBOUND" rev="2">
<attrib name="value" value="3"/></item>
<item name="NumNodesOfType_Gnd_OUTPUT" rev="2">
<attrib name="value" value="3"/></item>
<item name="NumNodesOfType_Gnd_PINBOUNCE" rev="2">
<attrib name="value" value="241"/></item>
<item name="NumNodesOfType_Gnd_PINFEED" rev="2">
<attrib name="value" value="768"/></item>
<item name="NumNodesOfType_Gnd_SINGLE" rev="2">
<attrib name="value" value="3"/></item>
<item name="NumNodesOfType_Vcc_HVCCOUT" rev="2">
<attrib name="value" value="33"/></item>
<item name="NumNodesOfType_Vcc_INPUT" rev="2">
<attrib name="value" value="8"/></item>
<item name="NumNodesOfType_Vcc_LUTINPUT" rev="2">
<attrib name="value" value="73"/></item>
<item name="NumNodesOfType_Vcc_PINFEED" rev="2">
<attrib name="value" value="81"/></item>
</group>
<group name="SiteStatistics">
<item name="IOB-IOBM" rev="2">
<attrib name="value" value="24"/></item>
<item name="IOB-IOBS" rev="2">
<attrib name="value" value="24"/></item>
<item name="SLICEL-SLICEM" rev="2">
<attrib name="value" value="31"/></item>
<item name="SLICEX-SLICEM" rev="2">
<attrib name="value" value="9"/></item>
</group>
<group name="MiscellaneousStatistics">
<item name="AGG_BONDED_IO" rev="1">
<attrib name="value" value="48"/></item>
<item name="AGG_IO" rev="1">
<attrib name="value" value="48"/></item>
<item name="AGG_SLICE" rev="1">
<attrib name="value" value="57"/></item>
<item name="NUM_BONDED_IOB" rev="1">
<attrib name="value" value="48"/></item>
<item name="NUM_BSLUTONLY" rev="1">
<attrib name="value" value="164"/></item>
<item name="NUM_BSUSED" rev="1">
<attrib name="value" value="164"/></item>
<item name="NUM_DSP48A1" rev="1">
<attrib name="value" value="8"/></item>
<item name="NUM_LOGIC_O5ANDO6" rev="1">
<attrib name="value" value="69"/></item>
<item name="NUM_LOGIC_O5ONLY" rev="1">
<attrib name="value" value="4"/></item>
<item name="NUM_LOGIC_O6ONLY" rev="1">
<attrib name="value" value="91"/></item>
<item name="NUM_LUT_RT_O6" rev="1">
<attrib name="value" value="4"/></item>
<item name="NUM_SLICEL" rev="1">
<attrib name="value" value="31"/></item>
<item name="NUM_SLICEX" rev="1">
<attrib name="value" value="26"/></item>
<item name="NUM_SLICE_CARRY4" rev="1">
<attrib name="value" value="31"/></item>
<item name="NUM_SLICE_CYINIT" rev="1">
<attrib name="value" value="244"/></item>
<item name="NUM_SLICE_UNUSEDCTRL" rev="1">
<attrib name="value" value="57"/></item>
</group>
</DesignStatistics>
<DeviceUsage TimeStamp="Mon Jun 22 16:27:51 2020"><group name="SiteSummary">
<item name="CARRY4" rev="2">
<attrib name="total" value="1000000"/><attrib name="used" value="31"/></item>
<item name="DSP48A1" rev="2">
<attrib name="total" value="1000000"/><attrib name="used" value="8"/></item>
<item name="DSP48A1_DSP48A1" rev="2">
<attrib name="total" value="1000000"/><attrib name="used" value="8"/></item>
<item name="HARD0" rev="2">
<attrib name="total" value="1000000"/><attrib name="used" value="7"/></item>
<item name="IOB" rev="2">
<attrib name="total" value="1000000"/><attrib name="used" value="48"/></item>
<item name="IOB_IMUX" rev="2">
<attrib name="total" value="1000000"/><attrib name="used" value="40"/></item>
<item name="IOB_INBUF" rev="2">
<attrib name="total" value="1000000"/><attrib name="used" value="40"/></item>
<item name="IOB_OUTBUF" rev="2">
<attrib name="total" value="1000000"/><attrib name="used" value="8"/></item>
<item name="LUT5" rev="2">
<attrib name="total" value="1000000"/><attrib name="used" value="73"/></item>
<item name="LUT6" rev="2">
<attrib name="total" value="1000000"/><attrib name="used" value="164"/></item>
<item name="PAD" rev="2">
<attrib name="total" value="1000000"/><attrib name="used" value="48"/></item>
<item name="SLICEL" rev="2">
<attrib name="total" value="1000000"/><attrib name="used" value="31"/></item>
<item name="SLICEX" rev="2">
<attrib name="total" value="1000000"/><attrib name="used" value="26"/></item>
</group>
</DeviceUsage>
<ReportConfigData TimeStamp="Mon Jun 22 16:27:51 2020"><group name="DSP48A1">
<item name="CEA" rev="2">
<attrib name="CEA_INV" value="0"/><attrib name="CEA" value="8"/></item>
<item name="CEB" rev="2">
<attrib name="CEB_INV" value="0"/><attrib name="CEB" value="8"/></item>
<item name="CEC" rev="2">
<attrib name="CEC" value="8"/><attrib name="CEC_INV" value="0"/></item>
<item name="CECARRYIN" rev="2">
<attrib name="CECARRYIN_INV" value="0"/><attrib name="CECARRYIN" value="8"/></item>
<item name="CED" rev="2">
<attrib name="CED_INV" value="0"/><attrib name="CED" value="8"/></item>
<item name="CEM" rev="2">
<attrib name="CEM_INV" value="0"/><attrib name="CEM" value="8"/></item>
<item name="CEOPMODE" rev="2">
<attrib name="CEOPMODE_INV" value="0"/><attrib name="CEOPMODE" value="8"/></item>
<item name="CEP" rev="2">
<attrib name="CEP" value="8"/><attrib name="CEP_INV" value="0"/></item>
<item name="CLK" rev="2">
<attrib name="CLK" value="8"/><attrib name="CLK_INV" value="0"/></item>
<item name="RSTA" rev="2">
<attrib name="RSTA" value="8"/><attrib name="RSTA_INV" value="0"/></item>
<item name="RSTB" rev="2">
<attrib name="RSTB" value="8"/><attrib name="RSTB_INV" value="0"/></item>
<item name="RSTC" rev="2">
<attrib name="RSTC_INV" value="0"/><attrib name="RSTC" value="8"/></item>
<item name="RSTCARRYIN" rev="2">
<attrib name="RSTCARRYIN_INV" value="0"/><attrib name="RSTCARRYIN" value="8"/></item>
<item name="RSTD" rev="2">
<attrib name="RSTD_INV" value="0"/><attrib name="RSTD" value="8"/></item>
<item name="RSTM" rev="2">
<attrib name="RSTM" value="8"/><attrib name="RSTM_INV" value="0"/></item>
<item name="RSTOPMODE" rev="2">
<attrib name="RSTOPMODE_INV" value="0"/><attrib name="RSTOPMODE" value="8"/></item>
<item name="RSTP" rev="2">
<attrib name="RSTP_INV" value="0"/><attrib name="RSTP" value="8"/></item>
</group>
<group name="DSP48A1_DSP48A1">
<item name="A0REG" rev="2">
<attrib name="0" value="8"/></item>
<item name="A1REG" rev="2">
<attrib name="0" value="8"/></item>
<item name="B0REG" rev="2">
<attrib name="0" value="8"/></item>
<item name="B1REG" rev="2">
<attrib name="0" value="8"/></item>
<item name="B_INPUT" rev="2">
<attrib name="DIRECT" value="8"/></item>
<item name="CARRYINREG" rev="2">
<attrib name="0" value="8"/></item>
<item name="CARRYINSEL" rev="2">
<attrib name="OPMODE5" value="8"/></item>
<item name="CARRYOUTREG" rev="2">
<attrib name="0" value="8"/></item>
<item name="CEA" rev="2">
<attrib name="CEA_INV" value="0"/><attrib name="CEA" value="8"/></item>
<item name="CEB" rev="2">
<attrib name="CEB_INV" value="0"/><attrib name="CEB" value="8"/></item>
<item name="CEC" rev="2">
<attrib name="CEC" value="8"/><attrib name="CEC_INV" value="0"/></item>
<item name="CECARRYIN" rev="2">
<attrib name="CECARRYIN_INV" value="0"/><attrib name="CECARRYIN" value="8"/></item>
<item name="CED" rev="2">
<attrib name="CED_INV" value="0"/><attrib name="CED" value="8"/></item>
<item name="CEM" rev="2">
<attrib name="CEM_INV" value="0"/><attrib name="CEM" value="8"/></item>
<item name="CEOPMODE" rev="2">
<attrib name="CEOPMODE_INV" value="0"/><attrib name="CEOPMODE" value="8"/></item>
<item name="CEP" rev="2">
<attrib name="CEP" value="8"/><attrib name="CEP_INV" value="0"/></item>
<item name="CLK" rev="2">
<attrib name="CLK" value="8"/><attrib name="CLK_INV" value="0"/></item>
<item name="CREG" rev="2">
<attrib name="0" value="8"/></item>
<item name="DREG" rev="2">
<attrib name="0" value="8"/></item>
<item name="MREG" rev="2">
<attrib name="0" value="8"/></item>
<item name="OPMODEREG" rev="2">
<attrib name="0" value="8"/></item>
<item name="PREG" rev="2">
<attrib name="0" value="8"/></item>
<item name="RSTA" rev="2">
<attrib name="RSTA" value="8"/><attrib name="RSTA_INV" value="0"/></item>
<item name="RSTB" rev="2">
<attrib name="RSTB" value="8"/><attrib name="RSTB_INV" value="0"/></item>
<item name="RSTC" rev="2">
<attrib name="RSTC_INV" value="0"/><attrib name="RSTC" value="8"/></item>
<item name="RSTCARRYIN" rev="2">
<attrib name="RSTCARRYIN_INV" value="0"/><attrib name="RSTCARRYIN" value="8"/></item>
<item name="RSTD" rev="2">
<attrib name="RSTD_INV" value="0"/><attrib name="RSTD" value="8"/></item>
<item name="RSTM" rev="2">
<attrib name="RSTM" value="8"/><attrib name="RSTM_INV" value="0"/></item>
<item name="RSTOPMODE" rev="2">
<attrib name="RSTOPMODE_INV" value="0"/><attrib name="RSTOPMODE" value="8"/></item>
<item name="RSTP" rev="2">
<attrib name="RSTP_INV" value="0"/><attrib name="RSTP" value="8"/></item>
<item name="RSTTYPE" rev="2">
<attrib name="SYNC" value="8"/></item>
</group>
<group name="IOB_OUTBUF">
<item name="DRIVEATTRBOX" rev="2">
<attrib name="12" value="8"/></item>
<item name="SLEW" rev="2">
<attrib name="SLOW" value="8"/></item>
<item name="SUSPEND" rev="2">
<attrib name="3STATE" value="8"/></item>
</group>
</ReportConfigData>
<ReportPinData TimeStamp="Mon Jun 22 16:27:51 2020"><group name="DSP48A1">
<item name="A0" rev="2">
<attrib name="value" value="8"/></item>
<item name="A1" rev="2">
<attrib name="value" value="8"/></item>
<item name="A10" rev="2">
<attrib name="value" value="8"/></item>
<item name="A11" rev="2">
<attrib name="value" value="8"/></item>
<item name="A12" rev="2">
<attrib name="value" value="8"/></item>
<item name="A13" rev="2">
<attrib name="value" value="8"/></item>
<item name="A14" rev="2">
<attrib name="value" value="8"/></item>
<item name="A15" rev="2">
<attrib name="value" value="8"/></item>
<item name="A16" rev="2">
<attrib name="value" value="8"/></item>
<item name="A17" rev="2">
<attrib name="value" value="8"/></item>
<item name="A2" rev="2">
<attrib name="value" value="8"/></item>
<item name="A3" rev="2">
<attrib name="value" value="8"/></item>
<item name="A4" rev="2">
<attrib name="value" value="8"/></item>
<item name="A5" rev="2">
<attrib name="value" value="8"/></item>
<item name="A6" rev="2">
<attrib name="value" value="8"/></item>
<item name="A7" rev="2">
<attrib name="value" value="8"/></item>
<item name="A8" rev="2">
<attrib name="value" value="8"/></item>
<item name="A9" rev="2">
<attrib name="value" value="8"/></item>
<item name="B0" rev="2">
<attrib name="value" value="8"/></item>
<item name="B1" rev="2">
<attrib name="value" value="8"/></item>
<item name="B10" rev="2">
<attrib name="value" value="8"/></item>
<item name="B11" rev="2">
<attrib name="value" value="8"/></item>
<item name="B12" rev="2">
<attrib name="value" value="8"/></item>
<item name="B13" rev="2">
<attrib name="value" value="8"/></item>
<item name="B14" rev="2">
<attrib name="value" value="8"/></item>
<item name="B15" rev="2">
<attrib name="value" value="8"/></item>
<item name="B16" rev="2">
<attrib name="value" value="8"/></item>
<item name="B17" rev="2">
<attrib name="value" value="8"/></item>
<item name="B2" rev="2">
<attrib name="value" value="8"/></item>
<item name="B3" rev="2">
<attrib name="value" value="8"/></item>
<item name="B4" rev="2">
<attrib name="value" value="8"/></item>
<item name="B5" rev="2">
<attrib name="value" value="8"/></item>
<item name="B6" rev="2">
<attrib name="value" value="8"/></item>
<item name="B7" rev="2">
<attrib name="value" value="8"/></item>
<item name="B8" rev="2">
<attrib name="value" value="8"/></item>
<item name="B9" rev="2">
<attrib name="value" value="8"/></item>
<item name="C0" rev="2">
<attrib name="value" value="8"/></item>
<item name="C1" rev="2">
<attrib name="value" value="8"/></item>
<item name="C10" rev="2">
<attrib name="value" value="8"/></item>
<item name="C11" rev="2">
<attrib name="value" value="8"/></item>
<item name="C12" rev="2">
<attrib name="value" value="8"/></item>
<item name="C13" rev="2">
<attrib name="value" value="8"/></item>
<item name="C14" rev="2">
<attrib name="value" value="8"/></item>
<item name="C15" rev="2">
<attrib name="value" value="8"/></item>
<item name="C16" rev="2">
<attrib name="value" value="8"/></item>
<item name="C17" rev="2">
<attrib name="value" value="8"/></item>
<item name="C18" rev="2">
<attrib name="value" value="8"/></item>
<item name="C19" rev="2">
<attrib name="value" value="8"/></item>
<item name="C2" rev="2">
<attrib name="value" value="8"/></item>
<item name="C20" rev="2">
<attrib name="value" value="8"/></item>
<item name="C21" rev="2">
<attrib name="value" value="8"/></item>
<item name="C22" rev="2">
<attrib name="value" value="8"/></item>
<item name="C23" rev="2">
<attrib name="value" value="8"/></item>
<item name="C24" rev="2">
<attrib name="value" value="8"/></item>
<item name="C25" rev="2">
<attrib name="value" value="8"/></item>
<item name="C26" rev="2">
<attrib name="value" value="8"/></item>
<item name="C27" rev="2">
<attrib name="value" value="8"/></item>
<item name="C28" rev="2">
<attrib name="value" value="8"/></item>
<item name="C29" rev="2">
<attrib name="value" value="8"/></item>
<item name="C3" rev="2">
<attrib name="value" value="8"/></item>
<item name="C30" rev="2">
<attrib name="value" value="8"/></item>
<item name="C31" rev="2">
<attrib name="value" value="8"/></item>
<item name="C32" rev="2">
<attrib name="value" value="8"/></item>
<item name="C33" rev="2">
<attrib name="value" value="8"/></item>
<item name="C34" rev="2">
<attrib name="value" value="8"/></item>
<item name="C35" rev="2">
<attrib name="value" value="8"/></item>
<item name="C36" rev="2">
<attrib name="value" value="8"/></item>
<item name="C37" rev="2">
<attrib name="value" value="8"/></item>
<item name="C38" rev="2">
<attrib name="value" value="8"/></item>
<item name="C39" rev="2">
<attrib name="value" value="8"/></item>
<item name="C4" rev="2">
<attrib name="value" value="8"/></item>
<item name="C40" rev="2">
<attrib name="value" value="8"/></item>
<item name="C41" rev="2">
<attrib name="value" value="8"/></item>
<item name="C42" rev="2">
<attrib name="value" value="8"/></item>
<item name="C43" rev="2">
<attrib name="value" value="8"/></item>
<item name="C44" rev="2">
<attrib name="value" value="8"/></item>
<item name="C45" rev="2">
<attrib name="value" value="8"/></item>
<item name="C46" rev="2">
<attrib name="value" value="8"/></item>
<item name="C47" rev="2">
<attrib name="value" value="8"/></item>
<item name="C5" rev="2">
<attrib name="value" value="8"/></item>
<item name="C6" rev="2">
<attrib name="value" value="8"/></item>
<item name="C7" rev="2">
<attrib name="value" value="8"/></item>
<item name="C8" rev="2">
<attrib name="value" value="8"/></item>
<item name="C9" rev="2">
<attrib name="value" value="8"/></item>
<item name="CEA" rev="2">
<attrib name="value" value="8"/></item>
<item name="CEB" rev="2">
<attrib name="value" value="8"/></item>
<item name="CEC" rev="2">
<attrib name="value" value="8"/></item>
<item name="CECARRYIN" rev="2">
<attrib name="value" value="8"/></item>
<item name="CED" rev="2">
<attrib name="value" value="8"/></item>
<item name="CEM" rev="2">
<attrib name="value" value="8"/></item>
<item name="CEOPMODE" rev="2">
<attrib name="value" value="8"/></item>
<item name="CEP" rev="2">
<attrib name="value" value="8"/></item>
<item name="CLK" rev="2">
<attrib name="value" value="8"/></item>
<item name="D0" rev="2">
<attrib name="value" value="8"/></item>
<item name="D1" rev="2">
<attrib name="value" value="8"/></item>
<item name="D10" rev="2">
<attrib name="value" value="8"/></item>
<item name="D11" rev="2">
<attrib name="value" value="8"/></item>
<item name="D12" rev="2">
<attrib name="value" value="8"/></item>
<item name="D13" rev="2">
<attrib name="value" value="8"/></item>
<item name="D14" rev="2">
<attrib name="value" value="8"/></item>
<item name="D15" rev="2">
<attrib name="value" value="8"/></item>
<item name="D16" rev="2">
<attrib name="value" value="8"/></item>
<item name="D17" rev="2">
<attrib name="value" value="8"/></item>
<item name="D2" rev="2">
<attrib name="value" value="8"/></item>
<item name="D3" rev="2">
<attrib name="value" value="8"/></item>
<item name="D4" rev="2">
<attrib name="value" value="8"/></item>
<item name="D5" rev="2">
<attrib name="value" value="8"/></item>
<item name="D6" rev="2">
<attrib name="value" value="8"/></item>
<item name="D7" rev="2">
<attrib name="value" value="8"/></item>
<item name="D8" rev="2">
<attrib name="value" value="8"/></item>
<item name="D9" rev="2">
<attrib name="value" value="8"/></item>
<item name="M0" rev="2">
<attrib name="value" value="8"/></item>
<item name="M1" rev="2">
<attrib name="value" value="8"/></item>
<item name="M10" rev="2">
<attrib name="value" value="8"/></item>
<item name="M11" rev="2">
<attrib name="value" value="8"/></item>
<item name="M12" rev="2">
<attrib name="value" value="8"/></item>
<item name="M13" rev="2">
<attrib name="value" value="8"/></item>
<item name="M14" rev="2">
<attrib name="value" value="4"/></item>
<item name="M15" rev="2">
<attrib name="value" value="4"/></item>
<item name="M2" rev="2">
<attrib name="value" value="8"/></item>
<item name="M3" rev="2">
<attrib name="value" value="8"/></item>
<item name="M4" rev="2">
<attrib name="value" value="8"/></item>
<item name="M5" rev="2">
<attrib name="value" value="8"/></item>
<item name="M6" rev="2">
<attrib name="value" value="8"/></item>
<item name="M7" rev="2">
<attrib name="value" value="8"/></item>
<item name="M8" rev="2">
<attrib name="value" value="8"/></item>
<item name="M9" rev="2">
<attrib name="value" value="8"/></item>
<item name="OPMODE0" rev="2">
<attrib name="value" value="8"/></item>
<item name="OPMODE1" rev="2">
<attrib name="value" value="8"/></item>
<item name="OPMODE2" rev="2">
<attrib name="value" value="8"/></item>
<item name="OPMODE3" rev="2">
<attrib name="value" value="8"/></item>
<item name="OPMODE4" rev="2">
<attrib name="value" value="8"/></item>
<item name="OPMODE5" rev="2">
<attrib name="value" value="8"/></item>
<item name="OPMODE6" rev="2">
<attrib name="value" value="8"/></item>
<item name="OPMODE7" rev="2">
<attrib name="value" value="8"/></item>
<item name="RSTA" rev="2">
<attrib name="value" value="8"/></item>
<item name="RSTB" rev="2">
<attrib name="value" value="8"/></item>
<item name="RSTC" rev="2">
<attrib name="value" value="8"/></item>
<item name="RSTCARRYIN" rev="2">
<attrib name="value" value="8"/></item>
<item name="RSTD" rev="2">
<attrib name="value" value="8"/></item>
<item name="RSTM" rev="2">
<attrib name="value" value="8"/></item>
<item name="RSTOPMODE" rev="2">
<attrib name="value" value="8"/></item>
<item name="RSTP" rev="2">
<attrib name="value" value="8"/></item>
</group>
<group name="DSP48A1_DSP48A1">
<item name="A0" rev="2">
<attrib name="value" value="8"/></item>
<item name="A1" rev="2">
<attrib name="value" value="8"/></item>
<item name="A10" rev="2">
<attrib name="value" value="8"/></item>
<item name="A11" rev="2">
<attrib name="value" value="8"/></item>
<item name="A12" rev="2">
<attrib name="value" value="8"/></item>
<item name="A13" rev="2">
<attrib name="value" value="8"/></item>
<item name="A14" rev="2">
<attrib name="value" value="8"/></item>
<item name="A15" rev="2">
<attrib name="value" value="8"/></item>
<item name="A16" rev="2">
<attrib name="value" value="8"/></item>
<item name="A17" rev="2">
<attrib name="value" value="8"/></item>
<item name="A2" rev="2">
<attrib name="value" value="8"/></item>
<item name="A3" rev="2">
<attrib name="value" value="8"/></item>
<item name="A4" rev="2">
<attrib name="value" value="8"/></item>
<item name="A5" rev="2">
<attrib name="value" value="8"/></item>
<item name="A6" rev="2">
<attrib name="value" value="8"/></item>
<item name="A7" rev="2">
<attrib name="value" value="8"/></item>
<item name="A8" rev="2">
<attrib name="value" value="8"/></item>
<item name="A9" rev="2">
<attrib name="value" value="8"/></item>
<item name="B0" rev="2">
<attrib name="value" value="8"/></item>
<item name="B1" rev="2">
<attrib name="value" value="8"/></item>
<item name="B10" rev="2">
<attrib name="value" value="8"/></item>
<item name="B11" rev="2">
<attrib name="value" value="8"/></item>
<item name="B12" rev="2">
<attrib name="value" value="8"/></item>
<item name="B13" rev="2">
<attrib name="value" value="8"/></item>
<item name="B14" rev="2">
<attrib name="value" value="8"/></item>
<item name="B15" rev="2">
<attrib name="value" value="8"/></item>
<item name="B16" rev="2">
<attrib name="value" value="8"/></item>
<item name="B17" rev="2">
<attrib name="value" value="8"/></item>
<item name="B2" rev="2">
<attrib name="value" value="8"/></item>
<item name="B3" rev="2">
<attrib name="value" value="8"/></item>
<item name="B4" rev="2">
<attrib name="value" value="8"/></item>
<item name="B5" rev="2">
<attrib name="value" value="8"/></item>
<item name="B6" rev="2">
<attrib name="value" value="8"/></item>
<item name="B7" rev="2">
<attrib name="value" value="8"/></item>
<item name="B8" rev="2">
<attrib name="value" value="8"/></item>
<item name="B9" rev="2">
<attrib name="value" value="8"/></item>
<item name="C0" rev="2">
<attrib name="value" value="8"/></item>
<item name="C1" rev="2">
<attrib name="value" value="8"/></item>
<item name="C10" rev="2">
<attrib name="value" value="8"/></item>
<item name="C11" rev="2">
<attrib name="value" value="8"/></item>
<item name="C12" rev="2">
<attrib name="value" value="8"/></item>
<item name="C13" rev="2">
<attrib name="value" value="8"/></item>
<item name="C14" rev="2">
<attrib name="value" value="8"/></item>
<item name="C15" rev="2">
<attrib name="value" value="8"/></item>
<item name="C16" rev="2">
<attrib name="value" value="8"/></item>
<item name="C17" rev="2">
<attrib name="value" value="8"/></item>
<item name="C18" rev="2">
<attrib name="value" value="8"/></item>
<item name="C19" rev="2">
<attrib name="value" value="8"/></item>
<item name="C2" rev="2">
<attrib name="value" value="8"/></item>
<item name="C20" rev="2">
<attrib name="value" value="8"/></item>
<item name="C21" rev="2">
<attrib name="value" value="8"/></item>
<item name="C22" rev="2">
<attrib name="value" value="8"/></item>
<item name="C23" rev="2">
<attrib name="value" value="8"/></item>
<item name="C24" rev="2">
<attrib name="value" value="8"/></item>
<item name="C25" rev="2">
<attrib name="value" value="8"/></item>
<item name="C26" rev="2">
<attrib name="value" value="8"/></item>
<item name="C27" rev="2">
<attrib name="value" value="8"/></item>
<item name="C28" rev="2">
<attrib name="value" value="8"/></item>
<item name="C29" rev="2">
<attrib name="value" value="8"/></item>
<item name="C3" rev="2">
<attrib name="value" value="8"/></item>
<item name="C30" rev="2">
<attrib name="value" value="8"/></item>
<item name="C31" rev="2">
<attrib name="value" value="8"/></item>
<item name="C32" rev="2">
<attrib name="value" value="8"/></item>
<item name="C33" rev="2">
<attrib name="value" value="8"/></item>
<item name="C34" rev="2">
<attrib name="value" value="8"/></item>
<item name="C35" rev="2">
<attrib name="value" value="8"/></item>
<item name="C36" rev="2">
<attrib name="value" value="8"/></item>
<item name="C37" rev="2">
<attrib name="value" value="8"/></item>
<item name="C38" rev="2">
<attrib name="value" value="8"/></item>
<item name="C39" rev="2">
<attrib name="value" value="8"/></item>
<item name="C4" rev="2">
<attrib name="value" value="8"/></item>
<item name="C40" rev="2">
<attrib name="value" value="8"/></item>
<item name="C41" rev="2">
<attrib name="value" value="8"/></item>
<item name="C42" rev="2">
<attrib name="value" value="8"/></item>
<item name="C43" rev="2">
<attrib name="value" value="8"/></item>
<item name="C44" rev="2">
<attrib name="value" value="8"/></item>
<item name="C45" rev="2">
<attrib name="value" value="8"/></item>
<item name="C46" rev="2">
<attrib name="value" value="8"/></item>
<item name="C47" rev="2">
<attrib name="value" value="8"/></item>
<item name="C5" rev="2">
<attrib name="value" value="8"/></item>
<item name="C6" rev="2">
<attrib name="value" value="8"/></item>
<item name="C7" rev="2">
<attrib name="value" value="8"/></item>
<item name="C8" rev="2">
<attrib name="value" value="8"/></item>
<item name="C9" rev="2">
<attrib name="value" value="8"/></item>
<item name="CEA" rev="2">
<attrib name="value" value="8"/></item>
<item name="CEB" rev="2">
<attrib name="value" value="8"/></item>
<item name="CEC" rev="2">
<attrib name="value" value="8"/></item>
<item name="CECARRYIN" rev="2">
<attrib name="value" value="8"/></item>
<item name="CED" rev="2">
<attrib name="value" value="8"/></item>
<item name="CEM" rev="2">
<attrib name="value" value="8"/></item>
<item name="CEOPMODE" rev="2">
<attrib name="value" value="8"/></item>
<item name="CEP" rev="2">
<attrib name="value" value="8"/></item>
<item name="CLK" rev="2">
<attrib name="value" value="8"/></item>
<item name="D0" rev="2">
<attrib name="value" value="8"/></item>
<item name="D1" rev="2">
<attrib name="value" value="8"/></item>
<item name="D10" rev="2">
<attrib name="value" value="8"/></item>
<item name="D11" rev="2">
<attrib name="value" value="8"/></item>
<item name="D12" rev="2">
<attrib name="value" value="8"/></item>
<item name="D13" rev="2">
<attrib name="value" value="8"/></item>
<item name="D14" rev="2">
<attrib name="value" value="8"/></item>
<item name="D15" rev="2">
<attrib name="value" value="8"/></item>
<item name="D16" rev="2">
<attrib name="value" value="8"/></item>
<item name="D17" rev="2">
<attrib name="value" value="8"/></item>
<item name="D2" rev="2">
<attrib name="value" value="8"/></item>
<item name="D3" rev="2">
<attrib name="value" value="8"/></item>
<item name="D4" rev="2">
<attrib name="value" value="8"/></item>
<item name="D5" rev="2">
<attrib name="value" value="8"/></item>
<item name="D6" rev="2">
<attrib name="value" value="8"/></item>
<item name="D7" rev="2">
<attrib name="value" value="8"/></item>
<item name="D8" rev="2">
<attrib name="value" value="8"/></item>
<item name="D9" rev="2">
<attrib name="value" value="8"/></item>
<item name="M0" rev="2">
<attrib name="value" value="8"/></item>
<item name="M1" rev="2">
<attrib name="value" value="8"/></item>
<item name="M10" rev="2">
<attrib name="value" value="8"/></item>
<item name="M11" rev="2">
<attrib name="value" value="8"/></item>
<item name="M12" rev="2">
<attrib name="value" value="8"/></item>
<item name="M13" rev="2">
<attrib name="value" value="8"/></item>
<item name="M14" rev="2">
<attrib name="value" value="4"/></item>
<item name="M15" rev="2">
<attrib name="value" value="4"/></item>
<item name="M2" rev="2">
<attrib name="value" value="8"/></item>
<item name="M3" rev="2">
<attrib name="value" value="8"/></item>
<item name="M4" rev="2">
<attrib name="value" value="8"/></item>
<item name="M5" rev="2">
<attrib name="value" value="8"/></item>
<item name="M6" rev="2">
<attrib name="value" value="8"/></item>
<item name="M7" rev="2">
<attrib name="value" value="8"/></item>
<item name="M8" rev="2">
<attrib name="value" value="8"/></item>
<item name="M9" rev="2">
<attrib name="value" value="8"/></item>
<item name="OPMODE0" rev="2">
<attrib name="value" value="8"/></item>
<item name="OPMODE1" rev="2">
<attrib name="value" value="8"/></item>
<item name="OPMODE2" rev="2">
<attrib name="value" value="8"/></item>
<item name="OPMODE3" rev="2">
<attrib name="value" value="8"/></item>
<item name="OPMODE4" rev="2">
<attrib name="value" value="8"/></item>
<item name="OPMODE5" rev="2">
<attrib name="value" value="8"/></item>
<item name="OPMODE6" rev="2">
<attrib name="value" value="8"/></item>
<item name="OPMODE7" rev="2">
<attrib name="value" value="8"/></item>
<item name="RSTA" rev="2">
<attrib name="value" value="8"/></item>
<item name="RSTB" rev="2">
<attrib name="value" value="8"/></item>
<item name="RSTC" rev="2">
<attrib name="value" value="8"/></item>
<item name="RSTCARRYIN" rev="2">
<attrib name="value" value="8"/></item>
<item name="RSTD" rev="2">
<attrib name="value" value="8"/></item>
<item name="RSTM" rev="2">
<attrib name="value" value="8"/></item>
<item name="RSTOPMODE" rev="2">
<attrib name="value" value="8"/></item>
<item name="RSTP" rev="2">
<attrib name="value" value="8"/></item>
</group>
<group name="SLICEL">
<item name="A1" rev="2">
<attrib name="value" value="5"/></item>
<item name="A2" rev="2">
<attrib name="value" value="9"/></item>
<item name="A3" rev="2">
<attrib name="value" value="10"/></item>
<item name="A4" rev="2">
<attrib name="value" value="10"/></item>
<item name="A5" rev="2">
<attrib name="value" value="31"/></item>
<item name="A6" rev="2">
<attrib name="value" value="31"/></item>
<item name="AMUX" rev="2">
<attrib name="value" value="29"/></item>
<item name="AX" rev="2">
<attrib name="value" value="13"/></item>
<item name="B1" rev="2">
<attrib name="value" value="4"/></item>
<item name="B2" rev="2">
<attrib name="value" value="8"/></item>
<item name="B3" rev="2">
<attrib name="value" value="8"/></item>
<item name="B4" rev="2">
<attrib name="value" value="8"/></item>
<item name="B5" rev="2">
<attrib name="value" value="29"/></item>
<item name="B6" rev="2">
<attrib name="value" value="29"/></item>
<item name="BMUX" rev="2">
<attrib name="value" value="27"/></item>
<item name="BX" rev="2">
<attrib name="value" value="12"/></item>
<item name="C1" rev="2">
<attrib name="value" value="4"/></item>
<item name="C2" rev="2">
<attrib name="value" value="8"/></item>
<item name="C3" rev="2">
<attrib name="value" value="8"/></item>
<item name="C4" rev="2">
<attrib name="value" value="8"/></item>
<item name="C5" rev="2">
<attrib name="value" value="28"/></item>
<item name="C6" rev="2">
<attrib name="value" value="28"/></item>
<item name="CIN" rev="2">
<attrib name="value" value="24"/></item>
<item name="CMUX" rev="2">
<attrib name="value" value="26"/></item>
<item name="COUT" rev="2">
<attrib name="value" value="24"/></item>
<item name="CX" rev="2">
<attrib name="value" value="12"/></item>
<item name="D" rev="2">
<attrib name="value" value="2"/></item>
<item name="D1" rev="2">
<attrib name="value" value="4"/></item>
<item name="D2" rev="2">
<attrib name="value" value="9"/></item>
<item name="D3" rev="2">
<attrib name="value" value="9"/></item>
<item name="D4" rev="2">
<attrib name="value" value="10"/></item>
<item name="D5" rev="2">
<attrib name="value" value="26"/></item>
<item name="D6" rev="2">
<attrib name="value" value="30"/></item>
<item name="DMUX" rev="2">
<attrib name="value" value="27"/></item>
<item name="DX" rev="2">
<attrib name="value" value="11"/></item>
</group>
<group name="IOB_OUTBUF">
<item name="IN" rev="2">
<attrib name="value" value="8"/></item>
<item name="OUT" rev="2">
<attrib name="value" value="8"/></item>
</group>
<group name="SLICEX">
<item name="A" rev="2">
<attrib name="value" value="22"/></item>
<item name="A1" rev="2">
<attrib name="value" value="1"/></item>
<item name="A2" rev="2">
<attrib name="value" value="6"/></item>
<item name="A3" rev="2">
<attrib name="value" value="7"/></item>
<item name="A4" rev="2">
<attrib name="value" value="22"/></item>
<item name="A5" rev="2">
<attrib name="value" value="22"/></item>
<item name="A6" rev="2">
<attrib name="value" value="22"/></item>
<item name="AMUX" rev="2">
<attrib name="value" value="4"/></item>
<item name="B" rev="2">
<attrib name="value" value="15"/></item>
<item name="B2" rev="2">
<attrib name="value" value="1"/></item>
<item name="B3" rev="2">
<attrib name="value" value="4"/></item>
<item name="B4" rev="2">
<attrib name="value" value="15"/></item>
<item name="B5" rev="2">
<attrib name="value" value="15"/></item>
<item name="B6" rev="2">
<attrib name="value" value="15"/></item>
<item name="BMUX" rev="2">
<attrib name="value" value="3"/></item>
<item name="C" rev="2">
<attrib name="value" value="5"/></item>
<item name="C2" rev="2">
<attrib name="value" value="1"/></item>
<item name="C3" rev="2">
<attrib name="value" value="1"/></item>
<item name="C4" rev="2">
<attrib name="value" value="5"/></item>
<item name="C5" rev="2">
<attrib name="value" value="5"/></item>
<item name="C6" rev="2">
<attrib name="value" value="5"/></item>
<item name="CMUX" rev="2">
<attrib name="value" value="1"/></item>
<item name="D" rev="2">
<attrib name="value" value="4"/></item>
<item name="D1" rev="2">
<attrib name="value" value="2"/></item>
<item name="D2" rev="2">
<attrib name="value" value="2"/></item>
<item name="D3" rev="2">
<attrib name="value" value="3"/></item>
<item name="D4" rev="2">
<attrib name="value" value="4"/></item>
<item name="D5" rev="2">
<attrib name="value" value="4"/></item>
<item name="D6" rev="2">
<attrib name="value" value="4"/></item>
<item name="DMUX" rev="2">
<attrib name="value" value="3"/></item>
</group>
<group name="PAD">
<item name="PAD" rev="2">
<attrib name="value" value="48"/></item>
</group>
<group name="IOB_INBUF">
<item name="OUT" rev="2">
<attrib name="value" value="40"/></item>
<item name="PAD" rev="2">
<attrib name="value" value="40"/></item>
</group>
<group name="CARRY4">
<item name="CIN" rev="2">
<attrib name="value" value="24"/></item>
<item name="CO3" rev="2">
<attrib name="value" value="24"/></item>
<item name="CYINIT" rev="2">
<attrib name="value" value="7"/></item>
<item name="DI0" rev="2">
<attrib name="value" value="29"/></item>
<item name="DI1" rev="2">
<attrib name="value" value="28"/></item>
<item name="DI2" rev="2">
<attrib name="value" value="28"/></item>
<item name="DI3" rev="2">
<attrib name="value" value="24"/></item>
<item name="O0" rev="2">
<attrib name="value" value="29"/></item>
<item name="O1" rev="2">
<attrib name="value" value="27"/></item>
<item name="O2" rev="2">
<attrib name="value" value="26"/></item>
<item name="O3" rev="2">
<attrib name="value" value="26"/></item>
<item name="S0" rev="2">
<attrib name="value" value="31"/></item>
<item name="S1" rev="2">
<attrib name="value" value="29"/></item>
<item name="S2" rev="2">
<attrib name="value" value="28"/></item>
<item name="S3" rev="2">
<attrib name="value" value="28"/></item>
</group>
<group name="LUT5">
<item name="A1" rev="2">
<attrib name="value" value="2"/></item>
<item name="A2" rev="2">
<attrib name="value" value="9"/></item>
<item name="A3" rev="2">
<attrib name="value" value="13"/></item>
<item name="A4" rev="2">
<attrib name="value" value="13"/></item>
<item name="A5" rev="2">
<attrib name="value" value="8"/></item>
<item name="O5" rev="2">
<attrib name="value" value="73"/></item>
</group>
<group name="LUT6">
<item name="A1" rev="2">
<attrib name="value" value="18"/></item>
<item name="A2" rev="2">
<attrib name="value" value="43"/></item>
<item name="A3" rev="2">
<attrib name="value" value="46"/></item>
<item name="A4" rev="2">
<attrib name="value" value="82"/></item>
<item name="A5" rev="2">
<attrib name="value" value="160"/></item>
<item name="A6" rev="2">
<attrib name="value" value="164"/></item>
<item name="O6" rev="2">
<attrib name="value" value="164"/></item>
</group>
<group name="IOB_IMUX">
<item name="I" rev="2">
<attrib name="value" value="40"/></item>
<item name="OUT" rev="2">
<attrib name="value" value="40"/></item>
</group>
<group name="IOB">
<item name="I" rev="2">
<attrib name="value" value="40"/></item>
<item name="O" rev="2">
<attrib name="value" value="8"/></item>
<item name="PAD" rev="2">
<attrib name="value" value="48"/></item>
</group>
<group name="HARD0">
<item name="0" rev="2">
<attrib name="value" value="7"/></item>
</group>
</ReportPinData>
<CmdHistory>
</CmdHistory>
</DeviceUsageSummary>
